Domain Code,Domain,Area Code,Area,Element Code,Element,Item Code,Item,Year Code,Year,Unit,Value,Flag,Flag Description,Note
MK,Macro Indicators,2,Afghanistan,6110,Value US$,22008,Gross Domestic Product,2016,2016,millions,20235.07006,X,International reliable sources,Data from UNSD AMA
MK,Macro Indicators,2,Afghanistan,6119,Value US$,22014,Gross Domestic Product per capita,2016,2016,,583.883061,Fc,Calculated data,
MK,Macro Indicators,3,Albania,6110,Value US$,22008,Gross Domestic Product,2016,2016,millions,11861.35645,X,International reliable sources,Data from UNSD AMA
MK,Macro Indicators,3,Albania,6119,Value US$,22014,Gross Domestic Product per capita,2016,2016,,4053.296618,Fc,Calculated data,
MK,Macro Indicators,4,Algeria,6110,Value US$,22008,Gross Domestic Product,2016,2016,millions,160034.2117,X,International reliable sources,Data from UNSD AMA
MK,Macro Indicators,4,Algeria,6119,Value US$,22014,Gross Domestic Product per capita,2016,2016,,3941.14187,Fc,Calculated data,
MK,Macro Indicators,6,Andorra,6110,Value US$,22008,Gross Domestic Product,2016,2016,millions,2877.200509,X,International reliable sources,Data from UNSD AMA
MK,Macro Indicators,6,Andorra,6119,Value US$,22014,Gross Domestic Product per capita,2016,2016,,37230.37368,Fc,Calculated data,
MK,Macro Indicators,7,Angola,6110,Value US$,22008,Gross Domestic Product,2016,2016,millions,101123.83,X,International reliable sources,Data from UNSD AMA
MK,Macro Indicators,7,Angola,6119,Value US$,22014,Gross Domestic Product per capita,2016,2016,,3509.60348,Fc,Calculated data,
MK,Macro Indicators,258,Anguilla,6110,Value US$,22008,Gross Domestic Product,2016,2016,millions,317.126204,X,International reliable sources,Data from UNSD AMA
MK,Macro Indicators,258,Anguilla,6119,Value US$,22014,Gross Domestic Product per capita,2016,2016,,21479.69415,Fc,Calculated data,
MK,Macro Indicators,8,Antigua and Barbuda,6110,Value US$,22008,Gross Domestic Product,2016,2016,millions,1436.585185,X,International reliable sources,Data from UNSD AMA
MK,Macro Indicators,8,Antigua and Barbuda,6119,Value US$,22014,Gross Domestic Product per capita,2016,2016,,14228.82824,Fc,Calculated data,
MK,Macro Indicators,9,Argentina,6110,Value US$,22008,Gross Domestic Product,2016,2016,millions,557532.3174,X,International reliable sources,Data from UNSD AMA
MK,Macro Indicators,9,Argentina,6119,Value US$,22014,Gross Domestic Product per capita,2016,2016,,12715.27926,Fc,Calculated data,
MK,Macro Indicators,1,Armenia,6110,Value US$,22008,Gross Domestic Product,2016,2016,millions,10546.13624,X,International reliable sources,Data from UNSD AMA
MK,Macro Indicators,1,Armenia,6119,Value US$,22014,Gross Domestic Product per capita,2016,2016,,3605.743486,Fc,Calculated data,
MK,Macro Indicators,22,Aruba,6110,Value US$,22008,Gross Domestic Product,2016,2016,millions,2965.865922,X,International reliable sources,Data from UNSD AMA
MK,Macro Indicators,22,Aruba,6119,Value US$,22014,Gross Domestic Product per capita,2016,2016,,28294.3077,Fc,Calculated data,
MK,Macro Indicators,10,Australia,6110,Value US$,22008,Gross Domestic Product,2016,2016,millions,1311696.155,X,International reliable sources,Data from UNSD AMA
MK,Macro Indicators,10,Australia,6119,Value US$,22014,Gross Domestic Product per capita,2016,2016,,54368.914,Fc,Calculated data,
MK,Macro Indicators,11,Austria,6110,Value US$,22008,Gross Domestic Product,2016,2016,millions,395227.6841,X,International reliable sources,Data from UNSD AMA
MK,Macro Indicators,11,Austria,6119,Value US$,22014,Gross Domestic Product per capita,2016,2016,,45365.18241,Fc,Calculated data,
MK,Macro Indicators,52,Azerbaijan,6110,Value US$,22008,Gross Domestic Product,2016,2016,millions,37867.00702,X,International reliable sources,Data from UNSD AMA
MK,Macro Indicators,52,Azerbaijan,6119,Value US$,22014,Gross Domestic Product per capita,2016,2016,,3893.629102,Fc,Calculated data,
MK,Macro Indicators,12,Bahamas,6110,Value US$,22008,Gross Domestic Product,2016,2016,millions,11938.4,X,International reliable sources,Data from UNSD AMA
MK,Macro Indicators,12,Bahamas,6119,Value US$,22014,Gross Domestic Product per capita,2016,2016,,30514.88631,Fc,Calculated data,
MK,Macro Indicators,13,Bahrain,6110,Value US$,22008,Gross Domestic Product,2016,2016,millions,32267.86063,X,International reliable sources,Data from UNSD AMA
MK,Macro Indicators,13,Bahrain,6119,Value US$,22014,Gross Domestic Product per capita,2016,2016,,22641.39575,Fc,Calculated data,
MK,Macro Indicators,16,Bangladesh,6110,Value US$,22008,Gross Domestic Product,2016,2016,millions,220315.8321,X,International reliable sources,Data from UNSD AMA
MK,Macro Indicators,16,Bangladesh,6119,Value US$,22014,Gross Domestic Product per capita,2016,2016,,1352.032666,Fc,Calculated data,
MK,Macro Indicators,14,Barbados,6110,Value US$,22008,Gross Domestic Product,2016,2016,millions,4830.007352,X,International reliable sources,Data from UNSD AMA
MK,Macro Indicators,14,Barbados,6119,Value US$,22014,Gross Domestic Product per capita,2016,2016,,16947.63208,Fc,Calculated data,
MK,Macro Indicators,57,Belarus,6110,Value US$,22008,Gross Domestic Product,2016,2016,millions,47723.54932,X,International reliable sources,Data from UNSD AMA
MK,Macro Indicators,57,Belarus,6119,Value US$,22014,Gross Domestic Product per capita,2016,2016,,5034.107372,Fc,Calculated data,
MK,Macro Indicators,255,Belgium,6110,Value US$,22008,Gross Domestic Product,2016,2016,millions,476056.8331,X,International reliable sources,Data from UNSD AMA
MK,Macro Indicators,255,Belgium,6119,Value US$,22014,Gross Domestic Product per capita,2016,2016,,41912.392,Fc,Calculated data,
MK,Macro Indicators,23,Belize,6110,Value US$,22008,Gross Domestic Product,2016,2016,millions,1775.100179,X,International reliable sources,Data from UNSD AMA
MK,Macro Indicators,23,Belize,6119,Value US$,22014,Gross Domestic Product per capita,2016,2016,,4837.391549,Fc,Calculated data,
MK,Macro Indicators,53,Benin,6110,Value US$,22008,Gross Domestic Product,2016,2016,millions,8579.061472,X,International reliable sources,Data from UNSD AMA
MK,Macro Indicators,53,Benin,6119,Value US$,22014,Gross Domestic Product per capita,2016,2016,,789.075269,Fc,Calculated data,
MK,Macro Indicators,17,Bermuda,6110,Value US$,22008,Gross Domestic Product,2016,2016,millions,6093.129076,X,International reliable sources,Data from UNSD AMA
MK,Macro Indicators,17,Bermuda,6119,Value US$,22014,Gross Domestic Product per capita,2016,2016,,98808.56673,Fc,Calculated data,
MK,Macro Indicators,18,Bhutan,6110,Value US$,22008,Gross Domestic Product,2016,2016,millions,2219.679527,X,International reliable sources,Data from UNSD AMA
MK,Macro Indicators,18,Bhutan,6119,Value US$,22014,Gross Domestic Product per capita,2016,2016,,2782.372662,Fc,Calculated data,
MK,Macro Indicators,19,Bolivia (Plurinational State of),6110,Value US$,22008,Gross Domestic Product,2016,2016,millions,33941.09986,X,International reliable sources,Data from UNSD AMA
MK,Macro Indicators,19,Bolivia (Plurinational State of),6119,Value US$,22014,Gross Domestic Product per capita,2016,2016,,3117.32804,Fc,Calculated data,
MK,Macro Indicators,80,Bosnia and Herzegovina,6110,Value US$,22008,Gross Domestic Product,2016,2016,millions,16912.95767,X,International reliable sources,Data from UNSD AMA
MK,Macro Indicators,80,Bosnia and Herzegovina,6119,Value US$,22014,Gross Domestic Product per capita,2016,2016,,4809.167629,Fc,Calculated data,
MK,Macro Indicators,20,Botswana,6110,Value US$,22008,Gross Domestic Product,2016,2016,millions,15646.38217,X,International reliable sources,Data from UNSD AMA
MK,Macro Indicators,20,Botswana,6119,Value US$,22014,Gross Domestic Product per capita,2016,2016,,6953.144156,Fc,Calculated data,
MK,Macro Indicators,21,Brazil,6110,Value US$,22008,Gross Domestic Product,2016,2016,millions,1795085.185,X,International reliable sources,Data from UNSD AMA
MK,Macro Indicators,21,Brazil,6119,Value US$,22014,Gross Domestic Product per capita,2016,2016,,8644.644442,Fc,Calculated data,
MK,Macro Indicators,239,British Virgin Islands,6110,Value US$,22008,Gross Domestic Product,2016,2016,millions,1290.795656,X,International reliable sources,Data from UNSD AMA
MK,Macro Indicators,239,British Virgin Islands,6119,Value US$,22014,Gross Domestic Product per capita,2016,2016,,42098.94185,Fc,Calculated data,
MK,Macro Indicators,26,Brunei Darussalam,6110,Value US$,22008,Gross Domestic Product,2016,2016,millions,11400.26688,X,International reliable sources,Data from UNSD AMA
MK,Macro Indicators,26,Brunei Darussalam,6119,Value US$,22014,Gross Domestic Product per capita,2016,2016,,26938.50338,Fc,Calculated data,
MK,Macro Indicators,27,Bulgaria,6110,Value US$,22008,Gross Domestic Product,2016,2016,millions,53783.80034,X,International reliable sources,Data from UNSD AMA
MK,Macro Indicators,27,Bulgaria,6119,Value US$,22014,Gross Domestic Product per capita,2016,2016,,7541.729733,Fc,Calculated data,
MK,Macro Indicators,233,Burkina Faso,6110,Value US$,22008,Gross Domestic Product,2016,2016,millions,12822.52447,X,International reliable sources,Data from UNSD AMA
MK,Macro Indicators,233,Burkina Faso,6119,Value US$,22014,Gross Domestic Product per capita,2016,2016,,687.666347,Fc,Calculated data,
MK,Macro Indicators,29,Burundi,6110,Value US$,22008,Gross Domestic Product,2016,2016,millions,2930.089366,X,International reliable sources,Data from UNSD AMA
MK,Macro Indicators,29,Burundi,6119,Value US$,22014,Gross Domestic Product per capita,2016,2016,,278.416647,Fc,Calculated data,
MK,Macro Indicators,35,Cabo Verde,6110,Value US$,22008,Gross Domestic Product,2016,2016,millions,1663.011131,X,International reliable sources,Data from UNSD AMA
MK,Macro Indicators,35,Cabo Verde,6119,Value US$,22014,Gross Domestic Product per capita,2016,2016,,3082.161633,Fc,Calculated data,
MK,Macro Indicators,115,Cambodia,6110,Value US$,22008,Gross Domestic Product,2016,2016,millions,20016.75623,X,International reliable sources,Data from UNSD AMA
MK,Macro Indicators,115,Cambodia,6119,Value US$,22014,Gross Domestic Product per capita,2016,2016,,1269.907776,Fc,Calculated data,
MK,Macro Indicators,32,Cameroon,6110,Value US$,22008,Gross Domestic Product,2016,2016,millions,32643.63264,X,International reliable sources,Data from UNSD AMA
MK,Macro Indicators,32,Cameroon,6119,Value US$,22014,Gross Domestic Product per capita,2016,2016,,1392.69463,Fc,Calculated data,
MK,Macro Indicators,33,Canada,6110,Value US$,22008,Gross Domestic Product,2016,2016,millions,1530272.791,X,International reliable sources,Data from UNSD AMA
MK,Macro Indicators,33,Canada,6119,Value US$,22014,Gross Domestic Product per capita,2016,2016,,42168.09855,Fc,Calculated data,
MK,Macro Indicators,36,Cayman Islands,6110,Value US$,22008,Gross Domestic Product,2016,2016,millions,4978.366584,X,International reliable sources,Data from UNSD AMA
MK,Macro Indicators,36,Cayman Islands,6119,Value US$,22014,Gross Domestic Product per capita,2016,2016,,81928.19196,Fc,Calculated data,
MK,Macro Indicators,37,Central African Republic,6110,Value US$,22008,Gross Domestic Product,2016,2016,millions,1811.177899,X,International reliable sources,Data from UNSD AMA
MK,Macro Indicators,37,Central African Republic,6119,Value US$,22014,Gross Domestic Product per capita,2016,2016,,394.195277,Fc,Calculated data,
MK,Macro Indicators,39,Chad,6110,Value US$,22008,Gross Domestic Product,2016,2016,millions,10392.45806,X,International reliable sources,Data from UNSD AMA
MK,Macro Indicators,39,Chad,6119,Value US$,22014,Gross Domestic Product per capita,2016,2016,,719.074703,Fc,Calculated data,
MK,Macro Indicators,40,Chile,6110,Value US$,22008,Gross Domestic Product,2016,2016,millions,250339.8631,X,International reliable sources,Data from UNSD AMA
MK,Macro Indicators,40,Chile,6119,Value US$,22014,Gross Domestic Product per capita,2016,2016,,13977.85046,Fc,Calculated data,
MK,Macro Indicators,351,China,6110,Value US$,22008,Gross Domestic Product,2016,2016,millions,11504168.06,A,"Aggregate, may include official, semi-official, estimated or calculated data",
MK,Macro Indicators,351,China,6119,Value US$,22014,Gross Domestic Product per capita,2016,2016,,8150.802567,Fc,Calculated data,
MK,Macro Indicators,96,"China, Hong Kong SAR",6110,Value US$,22008,Gross Domestic Product,2016,2016,millions,320862.7653,X,International reliable sources,Data from UNSD AMA
MK,Macro Indicators,96,"China, Hong Kong SAR",6119,Value US$,22014,Gross Domestic Product per capita,2016,2016,,43936.69223,Fc,Calculated data,
MK,Macro Indicators,128,"China, Macao SAR",6110,Value US$,22008,Gross Domestic Product,2016,2016,millions,45322.46254,X,International reliable sources,Data from UNSD AMA
MK,Macro Indicators,128,"China, Macao SAR",6119,Value US$,22014,Gross Domestic Product per capita,2016,2016,,74036.10868,Fc,Calculated data,
MK,Macro Indicators,41,"China, mainland",6110,Value US$,22008,Gross Domestic Product,2016,2016,millions,11137982.83,X,International reliable sources,Data from UNSD AMA
MK,Macro Indicators,41,"China, mainland",6119,Value US$,22014,Gross Domestic Product per capita,2016,2016,,7935.860304,Fc,Calculated data,
MK,Macro Indicators,44,Colombia,6110,Value US$,22008,Gross Domestic Product,2016,2016,millions,282825.0124,X,International reliable sources,Data from UNSD AMA
MK,Macro Indicators,44,Colombia,6119,Value US$,22014,Gross Domestic Product per capita,2016,2016,,5813.055242,Fc,Calculated data,
MK,Macro Indicators,45,Comoros,6110,Value US$,22008,Gross Domestic Product,2016,2016,millions,1011.870873,X,International reliable sources,Data from UNSD AMA
MK,Macro Indicators,45,Comoros,6119,Value US$,22014,Gross Domestic Product per capita,2016,2016,,1271.832078,Fc,Calculated data,
MK,Macro Indicators,46,Congo,6110,Value US$,22008,Gross Domestic Product,2016,2016,millions,10011.78687,X,International reliable sources,Data from UNSD AMA
MK,Macro Indicators,46,Congo,6119,Value US$,22014,Gross Domestic Product per capita,2016,2016,,1953.206496,Fc,Calculated data,
MK,Macro Indicators,47,Cook Islands,6110,Value US$,22008,Gross Domestic Product,2016,2016,millions,309.858493,X,International reliable sources,Data from UNSD AMA
MK,Macro Indicators,47,Cook Islands,6119,Value US$,22014,Gross Domestic Product per capita,2016,2016,,17829.47772,Fc,Calculated data,
MK,Macro Indicators,48,Costa Rica,6110,Value US$,22008,Gross Domestic Product,2016,2016,millions,57157.99587,X,International reliable sources,Data from UNSD AMA
MK,Macro Indicators,48,Costa Rica,6119,Value US$,22014,Gross Domestic Product per capita,2016,2016,,11767.50496,Fc,Calculated data,
MK,Macro Indicators,107,Côte d'Ivoire,6110,Value US$,22008,Gross Domestic Product,2016,2016,millions,35320.95625,X,International reliable sources,Data from UNSD AMA
MK,Macro Indicators,107,Côte d'Ivoire,6119,Value US$,22014,Gross Domestic Product per capita,2016,2016,,1490.592378,Fc,Calculated data,
MK,Macro Indicators,98,Croatia,6110,Value US$,22008,Gross Domestic Product,2016,2016,millions,51596.99779,X,International reliable sources,Data from UNSD AMA
MK,Macro Indicators,98,Croatia,6119,Value US$,22014,Gross Domestic Product per capita,2016,2016,,12246.32151,Fc,Calculated data,
MK,Macro Indicators,49,Cuba,6110,Value US$,22008,Gross Domestic Product,2016,2016,millions,91370,X,International reliable sources,Data from UNSD AMA
MK,Macro Indicators,49,Cuba,6119,Value US$,22014,Gross Domestic Product per capita,2016,2016,,7961.84588,Fc,Calculated data,
MK,Macro Indicators,279,Curaçao,6110,Value US$,22008,Gross Domestic Product,2016,2016,millions,3122.287955,X,International reliable sources,Data from UNSD AMA
MK,Macro Indicators,279,Curaçao,6119,Value US$,22014,Gross Domestic Product per capita,2016,2016,,19591.31809,Fc,Calculated data,
MK,Macro Indicators,50,Cyprus,6110,Value US$,22008,Gross Domestic Product,2016,2016,millions,20876.29055,X,International reliable sources,Data from UNSD AMA
MK,Macro Indicators,50,Cyprus,6119,Value US$,22014,Gross Domestic Product per capita,2016,2016,,24609.00976,Fc,Calculated data,
MK,Macro Indicators,167,Czechia,6110,Value US$,22008,Gross Domestic Product,2016,2016,millions,195090.2724,X,International reliable sources,Data from UNSD AMA
MK,Macro Indicators,167,Czechia,6119,Value US$,22014,Gross Domestic Product per capita,2016,2016,,18385.75505,Fc,Calculated data,
MK,Macro Indicators,116,Democratic People's Republic of Korea,6110,Value US$,22008,Gross Domestic Product,2016,2016,millions,16786.18484,X,International reliable sources,Data from UNSD AMA
MK,Macro Indicators,116,Democratic People's Republic of Korea,6119,Value US$,22014,Gross Domestic Product per capita,2016,2016,,664.983593,Fc,Calculated data,
MK,Macro Indicators,250,Democratic Republic of the Congo,6110,Value US$,22008,Gross Domestic Product,2016,2016,millions,40337.51241,X,International reliable sources,Data from UNSD AMA
MK,Macro Indicators,250,Democratic Republic of the Congo,6119,Value US$,22014,Gross Domestic Product per capita,2016,2016,,512.312462,Fc,Calculated data,
MK,Macro Indicators,54,Denmark,6110,Value US$,22008,Gross Domestic Product,2016,2016,millions,313115.8969,X,International reliable sources,Data from UNSD AMA
MK,Macro Indicators,54,Denmark,6119,Value US$,22014,Gross Domestic Product per capita,2016,2016,,54818.45647,Fc,Calculated data,
MK,Macro Indicators,72,Djibouti,6110,Value US$,22008,Gross Domestic Product,2016,2016,millions,2618.587757,X,International reliable sources,Data from UNSD AMA
MK,Macro Indicators,72,Djibouti,6119,Value US$,22014,Gross Domestic Product per capita,2016,2016,,2778.834825,Fc,Calculated data,
MK,Macro Indicators,55,Dominica,6110,Value US$,22008,Gross Domestic Product,2016,2016,millions,575.47037,X,International reliable sources,Data from UNSD AMA
MK,Macro Indicators,55,Dominica,6119,Value US$,22014,Gross Domestic Product per capita,2016,2016,,7824.950986,Fc,Calculated data,
MK,Macro Indicators,56,Dominican Republic,6110,Value US$,22008,Gross Domestic Product,2016,2016,millions,72342.99967,X,International reliable sources,Data from UNSD AMA
MK,Macro Indicators,56,Dominican Republic,6119,Value US$,22014,Gross Domestic Product per capita,2016,2016,,6793.541132,Fc,Calculated data,
MK,Macro Indicators,58,Ecuador,6110,Value US$,22008,Gross Domestic Product,2016,2016,millions,99937.696,X,International reliable sources,Data from UNSD AMA
MK,Macro Indicators,58,Ecuador,6119,Value US$,22014,Gross Domestic Product per capita,2016,2016,,6099.315303,Fc,Calculated data,
MK,Macro Indicators,59,Egypt,6110,Value US$,22008,Gross Domestic Product,2016,2016,millions,270254.5322,X,International reliable sources,Data from UNSD AMA
MK,Macro Indicators,59,Egypt,6119,Value US$,22014,Gross Domestic Product per capita,2016,2016,,2824.310351,Fc,Calculated data,
MK,Macro Indicators,60,El Salvador,6110,Value US$,22008,Gross Domestic Product,2016,2016,millions,24154.11197,X,International reliable sources,Data from UNSD AMA
MK,Macro Indicators,60,El Salvador,6119,Value US$,22014,Gross Domestic Product per capita,2016,2016,,3806.961436,Fc,Calculated data,
MK,Macro Indicators,61,Equatorial Guinea,6110,Value US$,22008,Gross Domestic Product,2016,2016,millions,11262.31313,X,International reliable sources,Data from UNSD AMA
MK,Macro Indicators,61,Equatorial Guinea,6119,Value US$,22014,Gross Domestic Product per capita,2016,2016,,9220.143539,Fc,Calculated data,
MK,Macro Indicators,178,Eritrea,6110,Value US$,22008,Gross Domestic Product,2016,2016,millions,5012.68602,X,International reliable sources,Data from UNSD AMA
MK,Macro Indicators,178,Eritrea,6119,Value US$,22014,Gross Domestic Product per capita,2016,2016,,1011.714466,Fc,Calculated data,
MK,Macro Indicators,63,Estonia,6110,Value US$,22008,Gross Domestic Product,2016,2016,millions,23996.4515,X,International reliable sources,Data from UNSD AMA
MK,Macro Indicators,63,Estonia,6119,Value US$,22014,Gross Domestic Product per capita,2016,2016,,18283.81864,Fc,Calculated data,
MK,Macro Indicators,209,Eswatini,6110,Value US$,22008,Gross Domestic Product,2016,2016,millions,3840.754214,X,International reliable sources,Data from UNSD AMA
MK,Macro Indicators,209,Eswatini,6119,Value US$,22014,Gross Domestic Product per capita,2016,2016,,2859.62321,Fc,Calculated data,
MK,Macro Indicators,238,Ethiopia,6110,Value US$,22008,Gross Domestic Product,2016,2016,millions,72157.65332,X,International reliable sources,Data from UNSD AMA
MK,Macro Indicators,238,Ethiopia,6119,Value US$,22014,Gross Domestic Product per capita,2016,2016,,704.642591,Fc,Calculated data,
MK,Macro Indicators,66,Fiji,6110,Value US$,22008,Gross Domestic Product,2016,2016,millions,4930.244148,X,International reliable sources,Data from UNSD AMA
MK,Macro Indicators,66,Fiji,6119,Value US$,22014,Gross Domestic Product per capita,2016,2016,,5485.607001,Fc,Calculated data,
MK,Macro Indicators,67,Finland,6110,Value US$,22008,Gross Domestic Product,2016,2016,millions,240570.2979,X,International reliable sources,Data from UNSD AMA
MK,Macro Indicators,67,Finland,6119,Value US$,22014,Gross Domestic Product per capita,2016,2016,,43715.16036,Fc,Calculated data,
MK,Macro Indicators,68,France,6110,Value US$,22008,Gross Domestic Product,2016,2016,millions,2471285.607,X,International reliable sources,Data from UNSD AMA
MK,Macro Indicators,68,France,6119,Value US$,22014,Gross Domestic Product per capita,2016,2016,,36913.56699,Fc,Calculated data,
MK,Macro Indicators,70,French Polynesia,6110,Value US$,22008,Gross Domestic Product,2016,2016,millions,5427.12955,X,International reliable sources,Data from UNSD AMA
MK,Macro Indicators,70,French Polynesia,6119,Value US$,22014,Gross Domestic Product per capita,2016,2016,,19368.21772,Fc,Calculated data,
MK,Macro Indicators,74,Gabon,6110,Value US$,22008,Gross Domestic Product,2016,2016,millions,14023.82932,X,International reliable sources,Data from UNSD AMA
MK,Macro Indicators,74,Gabon,6119,Value US$,22014,Gross Domestic Product per capita,2016,2016,,7083.507672,Fc,Calculated data,
MK,Macro Indicators,75,Gambia,6110,Value US$,22008,Gross Domestic Product,2016,2016,millions,1467.2548,X,International reliable sources,Data from UNSD AMA
MK,Macro Indicators,75,Gambia,6119,Value US$,22014,Gross Domestic Product per capita,2016,2016,,719.77144,Fc,Calculated data,
MK,Macro Indicators,73,Georgia,6110,Value US$,22008,Gross Domestic Product,2016,2016,millions,15141.60627,X,International reliable sources,Data from UNSD AMA
MK,Macro Indicators,73,Georgia,6119,Value US$,22014,Gross Domestic Product per capita,2016,2016,,3857.336062,Fc,Calculated data,
MK,Macro Indicators,79,Germany,6110,Value US$,22008,Gross Domestic Product,2016,2016,millions,3466790.065,X,International reliable sources,Data from UNSD AMA
MK,Macro Indicators,79,Germany,6119,Value US$,22014,Gross Domestic Product per capita,2016,2016,,42321.96724,Fc,Calculated data,
MK,Macro Indicators,81,Ghana,6110,Value US$,22008,Gross Domestic Product,2016,2016,millions,55009.73059,X,International reliable sources,Data from UNSD AMA
MK,Macro Indicators,81,Ghana,6119,Value US$,22014,Gross Domestic Product per capita,2016,2016,,1950.234376,Fc,Calculated data,
MK,Macro Indicators,84,Greece,6110,Value US$,22008,Gross Domestic Product,2016,2016,millions,195222.5025,X,International reliable sources,Data from UNSD AMA
MK,Macro Indicators,84,Greece,6119,Value US$,22014,Gross Domestic Product per capita,2016,2016,,17455.9603,Fc,Calculated data,
MK,Macro Indicators,85,Greenland,6110,Value US$,22008,Gross Domestic Product,2016,2016,millions,2707.139441,X,International reliable sources,Data from UNSD AMA
MK,Macro Indicators,85,Greenland,6119,Value US$,22014,Gross Domestic Product per capita,2016,2016,,47988.71589,Fc,Calculated data,
MK,Macro Indicators,86,Grenada,6110,Value US$,22008,Gross Domestic Product,2016,2016,millions,1061.631212,X,International reliable sources,Data from UNSD AMA
MK,Macro Indicators,86,Grenada,6119,Value US$,22014,Gross Domestic Product per capita,2016,2016,,9892.479404,Fc,Calculated data,
MK,Macro Indicators,89,Guatemala,6110,Value US$,22008,Gross Domestic Product,2016,2016,millions,68663.31448,X,International reliable sources,Data from UNSD AMA
MK,Macro Indicators,89,Guatemala,6119,Value US$,22014,Gross Domestic Product per capita,2016,2016,,4140.717193,Fc,Calculated data,
MK,Macro Indicators,90,Guinea,6110,Value US$,22008,Gross Domestic Product,2016,2016,millions,8603.833168,X,International reliable sources,Data from UNSD AMA
MK,Macro Indicators,90,Guinea,6119,Value US$,22014,Gross Domestic Product per capita,2016,2016,,694.085666,Fc,Calculated data,
MK,Macro Indicators,175,Guinea-Bissau,6110,Value US$,22008,Gross Domestic Product,2016,2016,millions,1179.004191,X,International reliable sources,Data from UNSD AMA
MK,Macro Indicators,175,Guinea-Bissau,6119,Value US$,22014,Gross Domestic Product per capita,2016,2016,,649.339367,Fc,Calculated data,
MK,Macro Indicators,91,Guyana,6110,Value US$,22008,Gross Domestic Product,2016,2016,millions,3436.624697,X,International reliable sources,Data from UNSD AMA
MK,Macro Indicators,91,Guyana,6119,Value US$,22014,Gross Domestic Product per capita,2016,2016,,4444.085562,Fc,Calculated data,
MK,Macro Indicators,93,Haiti,6110,Value US$,22008,Gross Domestic Product,2016,2016,millions,7597.784385,X,International reliable sources,Data from UNSD AMA
MK,Macro Indicators,93,Haiti,6119,Value US$,22014,Gross Domestic Product per capita,2016,2016,,700.428731,Fc,Calculated data,
MK,Macro Indicators,95,Honduras,6110,Value US$,22008,Gross Domestic Product,2016,2016,millions,21717.60896,X,International reliable sources,Data from UNSD AMA
MK,Macro Indicators,95,Honduras,6119,Value US$,22014,Gross Domestic Product per capita,2016,2016,,2383.180722,Fc,Calculated data,
MK,Macro Indicators,97,Hungary,6110,Value US$,22008,Gross Domestic Product,2016,2016,millions,127507.4736,X,International reliable sources,Data from UNSD AMA
MK,Macro Indicators,97,Hungary,6119,Value US$,22014,Gross Domestic Product per capita,2016,2016,,13073.29027,Fc,Calculated data,
MK,Macro Indicators,99,Iceland,6110,Value US$,22008,Gross Domestic Product,2016,2016,millions,20618.36326,X,International reliable sources,Data from UNSD AMA
MK,Macro Indicators,99,Iceland,6119,Value US$,22014,Gross Domestic Product per capita,2016,2016,,62014.96435,Fc,Calculated data,
MK,Macro Indicators,100,India,6110,Value US$,22008,Gross Domestic Product,2016,2016,millions,2286233.127,X,International reliable sources,Data from UNSD AMA
MK,Macro Indicators,100,India,6119,Value US$,22014,Gross Domestic Product per capita,2016,2016,,1726.538729,Fc,Calculated data,
MK,Macro Indicators,101,Indonesia,6110,Value US$,22008,Gross Domestic Product,2016,2016,millions,931877.364,X,International reliable sources,Data from UNSD AMA
MK,Macro Indicators,101,Indonesia,6119,Value US$,22014,Gross Domestic Product per capita,2016,2016,,3568.832647,Fc,Calculated data,
MK,Macro Indicators,102,Iran (Islamic Republic of),6110,Value US$,22008,Gross Domestic Product,2016,2016,millions,425402.616,X,International reliable sources,Data from UNSD AMA
MK,Macro Indicators,102,Iran (Islamic Republic of),6119,Value US$,22014,Gross Domestic Product per capita,2016,2016,,5299.156022,Fc,Calculated data,
MK,Macro Indicators,103,Iraq,6110,Value US$,22008,Gross Domestic Product,2016,2016,millions,166602.4887,X,International reliable sources,Data from UNSD AMA
MK,Macro Indicators,103,Iraq,6119,Value US$,22014,Gross Domestic Product per capita,2016,2016,,4478.2519,Fc,Calculated data,
MK,Macro Indicators,104,Ireland,6110,Value US$,22008,Gross Domestic Product,2016,2016,millions,300523.2976,X,International reliable sources,Data from UNSD AMA
MK,Macro Indicators,104,Ireland,6119,Value US$,22014,Gross Domestic Product per capita,2016,2016,,63588.30675,Fc,Calculated data,
MK,Macro Indicators,105,Israel,6110,Value US$,22008,Gross Domestic Product,2016,2016,millions,318950.6003,X,International reliable sources,Data from UNSD AMA
MK,Macro Indicators,105,Israel,6119,Value US$,22014,Gross Domestic Product per capita,2016,2016,,38935.21694,Fc,Calculated data,
MK,Macro Indicators,106,Italy,6110,Value US$,22008,Gross Domestic Product,2016,2016,millions,1875579.884,X,International reliable sources,Data from UNSD AMA
MK,Macro Indicators,106,Italy,6119,Value US$,22014,Gross Domestic Product per capita,2016,2016,,31559.51271,Fc,Calculated data,
MK,Macro Indicators,109,Jamaica,6110,Value US$,22008,Gross Domestic Product,2016,2016,millions,14075.89836,X,International reliable sources,Data from UNSD AMA
MK,Macro Indicators,109,Jamaica,6119,Value US$,22014,Gross Domestic Product per capita,2016,2016,,4885.166305,Fc,Calculated data,
MK,Macro Indicators,110,Japan,6110,Value US$,22008,Gross Domestic Product,2016,2016,millions,4926667.087,X,International reliable sources,Data from UNSD AMA
MK,Macro Indicators,110,Japan,6119,Value US$,22014,Gross Domestic Product per capita,2016,2016,,38565.35761,Fc,Calculated data,
MK,Macro Indicators,112,Jordan,6110,Value US$,22008,Gross Domestic Product,2016,2016,millions,39196.67867,X,International reliable sources,Data from UNSD AMA
MK,Macro Indicators,112,Jordan,6119,Value US$,22014,Gross Domestic Product per capita,2016,2016,,4145.251631,Fc,Calculated data,
MK,Macro Indicators,108,Kazakhstan,6110,Value US$,22008,Gross Domestic Product,2016,2016,millions,137278.3201,X,International reliable sources,Data from UNSD AMA
MK,Macro Indicators,108,Kazakhstan,6119,Value US$,22014,Gross Domestic Product per capita,2016,2016,,7631.773119,Fc,Calculated data,
MK,Macro Indicators,114,Kenya,6110,Value US$,22008,Gross Domestic Product,2016,2016,millions,69188.7763,X,International reliable sources,Data from UNSD AMA
MK,Macro Indicators,114,Kenya,6119,Value US$,22014,Gross Domestic Product per capita,2016,2016,,1427.704067,Fc,Calculated data,
MK,Macro Indicators,83,Kiribati,6110,Value US$,22008,Gross Domestic Product,2016,2016,millions,181.549598,X,International reliable sources,Data from UNSD AMA
MK,Macro Indicators,83,Kiribati,6119,Value US$,22014,Gross Domestic Product per capita,2016,2016,,1587.041377,Fc,Calculated data,
MK,Macro Indicators,118,Kuwait,6110,Value US$,22008,Gross Domestic Product,2016,2016,millions,109406.4737,X,International reliable sources,Data from UNSD AMA
MK,Macro Indicators,118,Kuwait,6119,Value US$,22014,Gross Domestic Product per capita,2016,2016,,26996.71954,Fc,Calculated data,
MK,Macro Indicators,113,Kyrgyzstan,6110,Value US$,22008,Gross Domestic Product,2016,2016,millions,6813.095396,X,International reliable sources,Data from UNSD AMA
MK,Macro Indicators,113,Kyrgyzstan,6119,Value US$,22014,Gross Domestic Product per capita,2016,2016,,1143.955623,Fc,Calculated data,
MK,Macro Indicators,120,Lao People's Democratic Republic,6110,Value US$,22008,Gross Domestic Product,2016,2016,millions,15805.69248,X,International reliable sources,Data from UNSD AMA
MK,Macro Indicators,120,Lao People's Democratic Republic,6119,Value US$,22014,Gross Domestic Product per capita,2016,2016,,2338.689986,Fc,Calculated data,
MK,Macro Indicators,119,Latvia,6110,Value US$,22008,Gross Domestic Product,2016,2016,millions,27734.14022,X,International reliable sources,Data from UNSD AMA
MK,Macro Indicators,119,Latvia,6119,Value US$,22014,Gross Domestic Product per capita,2016,2016,,14074.45724,Fc,Calculated data,
MK,Macro Indicators,121,Lebanon,6110,Value US$,22008,Gross Domestic Product,2016,2016,millions,51239.05003,X,International reliable sources,Data from UNSD AMA
MK,Macro Indicators,121,Lebanon,6119,Value US$,22014,Gross Domestic Product per capita,2016,2016,,8530.361597,Fc,Calculated data,
MK,Macro Indicators,122,Lesotho,6110,Value US$,22008,Gross Domestic Product,2016,2016,millions,2304.601354,X,International reliable sources,Data from UNSD AMA
MK,Macro Indicators,122,Lesotho,6119,Value US$,22014,Gross Domestic Product per capita,2016,2016,,1045.729827,Fc,Calculated data,
MK,Macro Indicators,123,Liberia,6110,Value US$,22008,Gross Domestic Product,2016,2016,millions,2140.387016,X,International reliable sources,Data from UNSD AMA
MK,Macro Indicators,123,Liberia,6119,Value US$,22014,Gross Domestic Product per capita,2016,2016,,463.907483,Fc,Calculated data,
MK,Macro Indicators,124,Libya,6110,Value US$,22008,Gross Domestic Product,2016,2016,millions,15319.67767,X,International reliable sources,Data from UNSD AMA
MK,Macro Indicators,124,Libya,6119,Value US$,22014,Gross Domestic Product per capita,2016,2016,,2434.301889,Fc,Calculated data,
MK,Macro Indicators,125,Liechtenstein,6110,Value US$,22008,Gross Domestic Product,2016,2016,millions,6237.299538,X,International reliable sources,Data from UNSD AMA
MK,Macro Indicators,125,Liechtenstein,6119,Value US$,22014,Gross Domestic Product per capita,2016,2016,,165594.954,Fc,Calculated data,
MK,Macro Indicators,126,Lithuania,6110,Value US$,22008,Gross Domestic Product,2016,2016,millions,43021.97249,X,International reliable sources,Data from UNSD AMA
MK,Macro Indicators,126,Lithuania,6119,Value US$,22014,Gross Domestic Product per capita,2016,2016,,14793.08425,Fc,Calculated data,
MK,Macro Indicators,256,Luxembourg,6110,Value US$,22008,Gross Domestic Product,2016,2016,millions,60691.48344,X,International reliable sources,Data from UNSD AMA
MK,Macro Indicators,256,Luxembourg,6119,Value US$,22014,Gross Domestic Product per capita,2016,2016,,105413.4602,Fc,Calculated data,
MK,Macro Indicators,129,Madagascar,6110,Value US$,22008,Gross Domestic Product,2016,2016,millions,11848.61386,X,International reliable sources,Data from UNSD AMA
MK,Macro Indicators,129,Madagascar,6119,Value US$,22014,Gross Domestic Product per capita,2016,2016,,475.952101,Fc,Calculated data,
MK,Macro Indicators,130,Malawi,6110,Value US$,22008,Gross Domestic Product,2016,2016,millions,5309.944189,X,International reliable sources,Data from UNSD AMA
MK,Macro Indicators,130,Malawi,6119,Value US$,22014,Gross Domestic Product per capita,2016,2016,,293.503699,Fc,Calculated data,
MK,Macro Indicators,131,Malaysia,6110,Value US$,22008,Gross Domestic Product,2016,2016,millions,301255.4059,X,International reliable sources,Data from UNSD AMA
MK,Macro Indicators,131,Malaysia,6119,Value US$,22014,Gross Domestic Product per capita,2016,2016,,9659.564758,Fc,Calculated data,
MK,Macro Indicators,132,Maldives,6110,Value US$,22008,Gross Domestic Product,2016,2016,millions,4379.134275,X,International reliable sources,Data from UNSD AMA
MK,Macro Indicators,132,Maldives,6119,Value US$,22014,Gross Domestic Product per capita,2016,2016,,10237.45845,Fc,Calculated data,
MK,Macro Indicators,133,Mali,6110,Value US$,22008,Gross Domestic Product,2016,2016,millions,14042.78581,X,International reliable sources,Data from UNSD AMA
MK,Macro Indicators,133,Mali,6119,Value US$,22014,Gross Domestic Product per capita,2016,2016,,780.378606,Fc,Calculated data,
MK,Macro Indicators,134,Malta,6110,Value US$,22008,Gross Domestic Product,2016,2016,millions,11442.14387,X,International reliable sources,Data from UNSD AMA
MK,Macro Indicators,134,Malta,6119,Value US$,22014,Gross Domestic Product per capita,2016,2016,,26649.17686,Fc,Calculated data,
MK,Macro Indicators,127,Marshall Islands,6110,Value US$,22008,Gross Domestic Product,2016,2016,millions,197.816344,X,International reliable sources,Data from UNSD AMA
MK,Macro Indicators,127,Marshall Islands,6119,Value US$,22014,Gross Domestic Product per capita,2016,2016,,3727.741756,Fc,Calculated data,
MK,Macro Indicators,136,Mauritania,6110,Value US$,22008,Gross Domestic Product,2016,2016,millions,6566.13369,X,International reliable sources,Data from UNSD AMA
MK,Macro Indicators,136,Mauritania,6119,Value US$,22014,Gross Domestic Product per capita,2016,2016,,1526.64641,Fc,Calculated data,
MK,Macro Indicators,137,Mauritius,6110,Value US$,22008,Gross Domestic Product,2016,2016,millions,12232.46939,X,International reliable sources,Data from UNSD AMA
MK,Macro Indicators,137,Mauritius,6119,Value US$,22014,Gross Domestic Product per capita,2016,2016,,9691.909714,Fc,Calculated data,
MK,Macro Indicators,138,Mexico,6110,Value US$,22008,Gross Domestic Product,2016,2016,millions,1077830.351,X,International reliable sources,Data from UNSD AMA
MK,Macro Indicators,138,Mexico,6119,Value US$,22014,Gross Domestic Product per capita,2016,2016,,8450.892079,Fc,Calculated data,
MK,Macro Indicators,145,Micronesia (Federated States of),6110,Value US$,22008,Gross Domestic Product,2016,2016,millions,331.4,X,International reliable sources,Data from UNSD AMA
MK,Macro Indicators,145,Micronesia (Federated States of),6119,Value US$,22014,Gross Domestic Product per capita,2016,2016,,3158.085327,Fc,Calculated data,
MK,Macro Indicators,140,Monaco,6110,Value US$,22008,Gross Domestic Product,2016,2016,millions,6467.950642,X,International reliable sources,Data from UNSD AMA
MK,Macro Indicators,140,Monaco,6119,Value US$,22014,Gross Domestic Product per capita,2016,2016,,168003.0817,Fc,Calculated data,
MK,Macro Indicators,141,Mongolia,6110,Value US$,22008,Gross Domestic Product,2016,2016,millions,11186.75055,X,International reliable sources,Data from UNSD AMA
MK,Macro Indicators,141,Mongolia,6119,Value US$,22014,Gross Domestic Product per capita,2016,2016,,3695.170093,Fc,Calculated data,
MK,Macro Indicators,273,Montenegro,6110,Value US$,22008,Gross Domestic Product,2016,2016,millions,4373.94508,X,International reliable sources,Data from UNSD AMA
MK,Macro Indicators,273,Montenegro,6119,Value US$,22014,Gross Domestic Product per capita,2016,2016,,6958.06667,Fc,Calculated data,
MK,Macro Indicators,142,Montserrat,6110,Value US$,22008,Gross Domestic Product,2016,2016,millions,62.837037,X,International reliable sources,Data from UNSD AMA
MK,Macro Indicators,142,Montserrat,6119,Value US$,22014,Gross Domestic Product per capita,2016,2016,,12196.62986,Fc,Calculated data,
MK,Macro Indicators,143,Morocco,6110,Value US$,22008,Gross Domestic Product,2016,2016,millions,103311.9017,X,International reliable sources,Data from UNSD AMA
MK,Macro Indicators,143,Morocco,6119,Value US$,22014,Gross Domestic Product per capita,2016,2016,,2928.608681,Fc,Calculated data,
MK,Macro Indicators,144,Mozambique,6110,Value US$,22008,Gross Domestic Product,2016,2016,millions,11936.99339,X,International reliable sources,Data from UNSD AMA
MK,Macro Indicators,144,Mozambique,6119,Value US$,22014,Gross Domestic Product per capita,2016,2016,,414.055163,Fc,Calculated data,
MK,Macro Indicators,28,Myanmar,6110,Value US$,22008,Gross Domestic Product,2016,2016,millions,64589.8983,X,International reliable sources,Data from UNSD AMA
MK,Macro Indicators,28,Myanmar,6119,Value US$,22014,Gross Domestic Product per capita,2016,2016,,1221.322227,Fc,Calculated data,
MK,Macro Indicators,147,Namibia,6110,Value US$,22008,Gross Domestic Product,2016,2016,millions,11286.16466,X,International reliable sources,Data from UNSD AMA
MK,Macro Indicators,147,Namibia,6119,Value US$,22014,Gross Domestic Product per capita,2016,2016,,4551.39956,Fc,Calculated data,
MK,Macro Indicators,148,Nauru,6110,Value US$,22008,Gross Domestic Product,2016,2016,millions,120.488597,X,International reliable sources,Data from UNSD AMA
MK,Macro Indicators,148,Nauru,6119,Value US$,22014,Gross Domestic Product per capita,2016,2016,,10618.54211,Fc,Calculated data,
MK,Macro Indicators,149,Nepal,6110,Value US$,22008,Gross Domestic Product,2016,2016,millions,20982.33329,X,International reliable sources,Data from UNSD AMA
MK,Macro Indicators,149,Nepal,6119,Value US$,22014,Gross Domestic Product per capita,2016,2016,,723.958841,Fc,Calculated data,
MK,Macro Indicators,150,Netherlands,6110,Value US$,22008,Gross Domestic Product,2016,2016,millions,783528.1817,X,International reliable sources,Data from UNSD AMA
MK,Macro Indicators,150,Netherlands,6119,Value US$,22014,Gross Domestic Product per capita,2016,2016,,46124.26919,Fc,Calculated data,
MK,Macro Indicators,153,New Caledonia,6110,Value US$,22008,Gross Domestic Product,2016,2016,millions,9001.879602,X,International reliable sources,Data from UNSD AMA
MK,Macro Indicators,153,New Caledonia,6119,Value US$,22014,Gross Domestic Product per capita,2016,2016,,33012.97727,Fc,Calculated data,
MK,Macro Indicators,156,New Zealand,6110,Value US$,22008,Gross Domestic Product,2016,2016,millions,188223.6647,X,International reliable sources,Data from UNSD AMA
MK,Macro Indicators,156,New Zealand,6119,Value US$,22014,Gross Domestic Product per capita,2016,2016,,40384.12549,Fc,Calculated data,
MK,Macro Indicators,157,Nicaragua,6110,Value US$,22008,Gross Domestic Product,2016,2016,millions,13286.0932,X,International reliable sources,Data from UNSD AMA
MK,Macro Indicators,157,Nicaragua,6119,Value US$,22014,Gross Domestic Product per capita,2016,2016,,2160.365649,Fc,Calculated data,
MK,Macro Indicators,158,Niger,6110,Value US$,22008,Gross Domestic Product,2016,2016,millions,10287.51305,X,International reliable sources,Data from UNSD AMA
MK,Macro Indicators,158,Niger,6119,Value US$,22014,Gross Domestic Product per capita,2016,2016,,497.630703,Fc,Calculated data,
MK,Macro Indicators,159,Nigeria,6110,Value US$,22008,Gross Domestic Product,2016,2016,millions,404649.1254,X,International reliable sources,Data from UNSD AMA
MK,Macro Indicators,159,Nigeria,6119,Value US$,22014,Gross Domestic Product per capita,2016,2016,,2175.654114,Fc,Calculated data,
MK,Macro Indicators,154,North Macedonia,6110,Value US$,22008,Gross Domestic Product,2016,2016,millions,10672.46461,X,International reliable sources,Data from UNSD AMA
MK,Macro Indicators,154,North Macedonia,6119,Value US$,22014,Gross Domestic Product per capita,2016,2016,,5128.019337,Fc,Calculated data,
MK,Macro Indicators,162,Norway,6110,Value US$,22008,Gross Domestic Product,2016,2016,millions,368819.9295,X,International reliable sources,Data from UNSD AMA
MK,Macro Indicators,162,Norway,6119,Value US$,22014,Gross Domestic Product per capita,2016,2016,,70188.6598,Fc,Calculated data,
MK,Macro Indicators,221,Oman,6110,Value US$,22008,Gross Domestic Product,2016,2016,millions,70598.02628,X,International reliable sources,Data from UNSD AMA
MK,Macro Indicators,221,Oman,6119,Value US$,22014,Gross Domestic Product per capita,2016,2016,,15955.21438,Fc,Calculated data,
MK,Macro Indicators,165,Pakistan,6110,Value US$,22008,Gross Domestic Product,2016,2016,millions,277521.0274,X,International reliable sources,Data from UNSD AMA
MK,Macro Indicators,165,Pakistan,6119,Value US$,22014,Gross Domestic Product per capita,2016,2016,,1436.418398,Fc,Calculated data,
MK,Macro Indicators,180,Palau,6110,Value US$,22008,Gross Domestic Product,2016,2016,millions,300.125594,X,International reliable sources,Data from UNSD AMA
MK,Macro Indicators,180,Palau,6119,Value US$,22014,Gross Domestic Product per capita,2016,2016,,13957.38241,Fc,Calculated data,
MK,Macro Indicators,299,Palestine,6110,Value US$,22008,Gross Domestic Product,2016,2016,millions,15405.4,X,International reliable sources,Data from UNSD AMA
MK,Macro Indicators,299,Palestine,6119,Value US$,22014,Gross Domestic Product per capita,2016,2016,,3215.685374,Fc,Calculated data,
MK,Macro Indicators,166,Panama,6110,Value US$,22008,Gross Domestic Product,2016,2016,millions,57957.59421,X,International reliable sources,Data from UNSD AMA
MK,Macro Indicators,166,Panama,6119,Value US$,22014,Gross Domestic Product per capita,2016,2016,,14366.85289,Fc,Calculated data,
MK,Macro Indicators,168,Papua New Guinea,6110,Value US$,22008,Gross Domestic Product,2016,2016,millions,21480.16936,X,International reliable sources,Data from UNSD AMA
MK,Macro Indicators,168,Papua New Guinea,6119,Value US$,22014,Gross Domestic Product per capita,2016,2016,,2656.795704,Fc,Calculated data,
MK,Macro Indicators,169,Paraguay,6110,Value US$,22008,Gross Domestic Product,2016,2016,millions,36054.43079,X,International reliable sources,Data from UNSD AMA
MK,Macro Indicators,169,Paraguay,6119,Value US$,22014,Gross Domestic Product per capita,2016,2016,,5361.008119,Fc,Calculated data,
MK,Macro Indicators,170,Peru,6110,Value US$,22008,Gross Domestic Product,2016,2016,millions,191909.6832,X,International reliable sources,Data from UNSD AMA
MK,Macro Indicators,170,Peru,6119,Value US$,22014,Gross Domestic Product per capita,2016,2016,,6039.864531,Fc,Calculated data,
MK,Macro Indicators,171,Philippines,6110,Value US$,22008,Gross Domestic Product,2016,2016,millions,304897.8222,X,International reliable sources,Data from UNSD AMA
MK,Macro Indicators,171,Philippines,6119,Value US$,22014,Gross Domestic Product per capita,2016,2016,,2950.99852,Fc,Calculated data,
MK,Macro Indicators,173,Poland,6110,Value US$,22008,Gross Domestic Product,2016,2016,millions,472039.1263,X,International reliable sources,Data from UNSD AMA
MK,Macro Indicators,173,Poland,6119,Value US$,22014,Gross Domestic Product per capita,2016,2016,,12349.15402,Fc,Calculated data,
MK,Macro Indicators,174,Portugal,6110,Value US$,22008,Gross Domestic Product,2016,2016,millions,206286.0228,X,International reliable sources,Data from UNSD AMA
MK,Macro Indicators,174,Portugal,6119,Value US$,22014,Gross Domestic Product per capita,2016,2016,,19889.45638,Fc,Calculated data,
MK,Macro Indicators,177,Puerto Rico,6110,Value US$,22008,Gross Domestic Product,2016,2016,millions,104336.7,X,International reliable sources,Data from UNSD AMA
MK,Macro Indicators,177,Puerto Rico,6119,Value US$,22014,Gross Domestic Product per capita,2016,2016,,28445.87221,Fc,Calculated data,
MK,Macro Indicators,179,Qatar,6110,Value US$,22008,Gross Domestic Product,2016,2016,millions,151732.1819,X,International reliable sources,Data from UNSD AMA
MK,Macro Indicators,179,Qatar,6119,Value US$,22014,Gross Domestic Product per capita,2016,2016,,59044.26246,Fc,Calculated data,
MK,Macro Indicators,117,Republic of Korea,6110,Value US$,22008,Gross Domestic Product,2016,2016,millions,1500111.551,X,International reliable sources,Data from UNSD AMA
MK,Macro Indicators,117,Republic of Korea,6119,Value US$,22014,Gross Domestic Product per capita,2016,2016,,29534.45313,Fc,Calculated data,
MK,Macro Indicators,146,Republic of Moldova,6110,Value US$,22008,Gross Domestic Product,2016,2016,millions,8071.469355,X,International reliable sources,Data from UNSD AMA
MK,Macro Indicators,146,Republic of Moldova,6119,Value US$,22014,Gross Domestic Product per capita,2016,2016,,1988.238607,Fc,Calculated data,
MK,Macro Indicators,183,Romania,6110,Value US$,22008,Gross Domestic Product,2016,2016,millions,188494.9107,X,International reliable sources,Data from UNSD AMA
MK,Macro Indicators,183,Romania,6119,Value US$,22014,Gross Domestic Product per capita,2016,2016,,9530.494473,Fc,Calculated data,
MK,Macro Indicators,185,Russian Federation,6110,Value US$,22008,Gross Domestic Product,2016,2016,millions,1285014.138,X,International reliable sources,Data from UNSD AMA
MK,Macro Indicators,185,Russian Federation,6119,Value US$,22014,Gross Domestic Product per capita,2016,2016,,8925.908967,Fc,Calculated data,
MK,Macro Indicators,184,Rwanda,6110,Value US$,22008,Gross Domestic Product,2016,2016,millions,8475.05507,X,International reliable sources,Data from UNSD AMA
MK,Macro Indicators,184,Rwanda,6119,Value US$,22014,Gross Domestic Product per capita,2016,2016,,711.143225,Fc,Calculated data,
MK,Macro Indicators,188,Saint Kitts and Nevis,6110,Value US$,22008,Gross Domestic Product,2016,2016,millions,971.166667,X,International reliable sources,Data from UNSD AMA
MK,Macro Indicators,188,Saint Kitts and Nevis,6119,Value US$,22014,Gross Domestic Product per capita,2016,2016,,17715.23078,Fc,Calculated data,
MK,Macro Indicators,189,Saint Lucia,6110,Value US$,22008,Gross Domestic Product,2016,2016,millions,1701.596827,X,International reliable sources,Data from UNSD AMA
MK,Macro Indicators,189,Saint Lucia,6119,Value US$,22014,Gross Domestic Product per capita,2016,2016,,9558.727223,Fc,Calculated data,
MK,Macro Indicators,191,Saint Vincent and the Grenadines,6110,Value US$,22008,Gross Domestic Product,2016,2016,millions,774.42963,X,International reliable sources,Data from UNSD AMA
MK,Macro Indicators,191,Saint Vincent and the Grenadines,6119,Value US$,22014,Gross Domestic Product per capita,2016,2016,,7063.192631,Fc,Calculated data,
MK,Macro Indicators,244,Samoa,6110,Value US$,22008,Gross Domestic Product,2016,2016,millions,821.637502,X,International reliable sources,Data from UNSD AMA
MK,Macro Indicators,244,Samoa,6119,Value US$,22014,Gross Domestic Product per capita,2016,2016,,4210.826406,Fc,Calculated data,
MK,Macro Indicators,192,San Marino,6110,Value US$,22008,Gross Domestic Product,2016,2016,millions,1467.345667,X,International reliable sources,Data from UNSD AMA
MK,Macro Indicators,192,San Marino,6119,Value US$,22014,Gross Domestic Product per capita,2016,2016,,44193.16529,Fc,Calculated data,
MK,Macro Indicators,193,Sao Tome and Principe,6110,Value US$,22008,Gross Domestic Product,2016,2016,millions,337.56488,X,International reliable sources,Data from UNSD AMA
MK,Macro Indicators,193,Sao Tome and Principe,6119,Value US$,22014,Gross Domestic Product per capita,2016,2016,,1688.584261,Fc,Calculated data,
MK,Macro Indicators,194,Saudi Arabia,6110,Value US$,22008,Gross Domestic Product,2016,2016,millions,644935.5414,X,International reliable sources,Data from UNSD AMA
MK,Macro Indicators,194,Saudi Arabia,6119,Value US$,22014,Gross Domestic Product per capita,2016,2016,,19982.08563,Fc,Calculated data,
MK,Macro Indicators,195,Senegal,6110,Value US$,22008,Gross Domestic Product,2016,2016,millions,19040.31233,X,International reliable sources,Data from UNSD AMA
MK,Macro Indicators,195,Senegal,6119,Value US$,22014,Gross Domestic Product per capita,2016,2016,,1235.452194,Fc,Calculated data,
MK,Macro Indicators,272,Serbia,6110,Value US$,22008,Gross Domestic Product,2016,2016,millions,40630.41028,X,International reliable sources,Data from UNSD AMA
MK,Macro Indicators,272,Serbia,6119,Value US$,22014,Gross Domestic Product per capita,2016,2016,,5756.38378,Fc,Calculated data,
MK,Macro Indicators,196,Seychelles,6110,Value US$,22008,Gross Domestic Product,2016,2016,millions,1427.576366,X,International reliable sources,Data from UNSD AMA
MK,Macro Indicators,196,Seychelles,6119,Value US$,22014,Gross Domestic Product per capita,2016,2016,,15150.23524,Fc,Calculated data,
MK,Macro Indicators,197,Sierra Leone,6110,Value US$,22008,Gross Domestic Product,2016,2016,millions,3862.721393,X,International reliable sources,Data from UNSD AMA
MK,Macro Indicators,197,Sierra Leone,6119,Value US$,22014,Gross Domestic Product per capita,2016,2016,,522.25827,Fc,Calculated data,
MK,Macro Indicators,200,Singapore,6110,Value US$,22008,Gross Domestic Product,2016,2016,millions,316557.6715,X,International reliable sources,Data from UNSD AMA
MK,Macro Indicators,200,Singapore,6119,Value US$,22014,Gross Domestic Product per capita,2016,2016,,56302.39309,Fc,Calculated data,
MK,Macro Indicators,280,Sint Maarten (Dutch part),6110,Value US$,22008,Gross Domestic Product,2016,2016,millions,1072.067039,X,International reliable sources,Data from UNSD AMA
MK,Macro Indicators,280,Sint Maarten (Dutch part),6119,Value US$,22014,Gross Domestic Product per capita,2016,2016,,27115.53833,Fc,Calculated data,
MK,Macro Indicators,199,Slovakia,6110,Value US$,22008,Gross Domestic Product,2016,2016,millions,89640.74127,X,International reliable sources,Data from UNSD AMA
MK,Macro Indicators,199,Slovakia,6119,Value US$,22014,Gross Domestic Product per capita,2016,2016,,16465.31077,Fc,Calculated data,
MK,Macro Indicators,198,Slovenia,6110,Value US$,22008,Gross Domestic Product,2016,2016,millions,44651.53726,X,International reliable sources,Data from UNSD AMA
MK,Macro Indicators,198,Slovenia,6119,Value US$,22014,Gross Domestic Product per capita,2016,2016,,21489.17361,Fc,Calculated data,
MK,Macro Indicators,25,Solomon Islands,6110,Value US$,22008,Gross Domestic Product,2016,2016,millions,1128.689317,X,International reliable sources,Data from UNSD AMA
MK,Macro Indicators,25,Solomon Islands,6119,Value US$,22014,Gross Domestic Product per capita,2016,2016,,1882.972206,Fc,Calculated data,
MK,Macro Indicators,201,Somalia,6110,Value US$,22008,Gross Domestic Product,2016,2016,millions,1439.126592,X,International reliable sources,Data from UNSD AMA
MK,Macro Indicators,201,Somalia,6119,Value US$,22014,Gross Domestic Product per capita,2016,2016,,100.511733,Fc,Calculated data,
MK,Macro Indicators,202,South Africa,6110,Value US$,22008,Gross Domestic Product,2016,2016,millions,296341.0136,X,International reliable sources,Data from UNSD AMA
MK,Macro Indicators,202,South Africa,6119,Value US$,22014,Gross Domestic Product per capita,2016,2016,,5290.342075,Fc,Calculated data,
MK,Macro Indicators,277,South Sudan,6110,Value US$,22008,Gross Domestic Product,2016,2016,millions,6784.649131,X,International reliable sources,Data from UNSD AMA
MK,Macro Indicators,277,South Sudan,6119,Value US$,22014,Gross Domestic Product per capita,2016,2016,,554.72152,Fc,Calculated data,
MK,Macro Indicators,203,Spain,6110,Value US$,22008,Gross Domestic Product,2016,2016,millions,1232076.017,X,International reliable sources,Data from UNSD AMA
MK,Macro Indicators,203,Spain,6119,Value US$,22014,Gross Domestic Product per capita,2016,2016,,26583.3971,Fc,Calculated data,
MK,Macro Indicators,38,Sri Lanka,6110,Value US$,22008,Gross Domestic Product,2016,2016,millions,82401.05507,X,International reliable sources,Data from UNSD AMA
MK,Macro Indicators,38,Sri Lanka,6119,Value US$,22014,Gross Domestic Product per capita,2016,2016,,3961.876422,Fc,Calculated data,
MK,Macro Indicators,276,Sudan,6110,Value US$,22008,Gross Domestic Product,2016,2016,millions,89671.4023,X,International reliable sources,Data from UNSD AMA
MK,Macro Indicators,276,Sudan,6119,Value US$,22014,Gross Domestic Product per capita,2016,2016,,2265.640668,Fc,Calculated data,
MK,Macro Indicators,207,Suriname,6110,Value US$,22008,Gross Domestic Product,2016,2016,millions,3128.996285,X,International reliable sources,Data from UNSD AMA
MK,Macro Indicators,207,Suriname,6119,Value US$,22014,Gross Domestic Product per capita,2016,2016,,5603.824511,Fc,Calculated data,
MK,Macro Indicators,210,Sweden,6110,Value US$,22008,Gross Domestic Product,2016,2016,millions,515744.3702,X,International reliable sources,Data from UNSD AMA
MK,Macro Indicators,210,Sweden,6119,Value US$,22014,Gross Domestic Product per capita,2016,2016,,52426.1896,Fc,Calculated data,
MK,Macro Indicators,211,Switzerland,6110,Value US$,22008,Gross Domestic Product,2016,2016,millions,671309.1974,X,International reliable sources,Data from UNSD AMA
MK,Macro Indicators,211,Switzerland,6119,Value US$,22014,Gross Domestic Product per capita,2016,2016,,79901.22014,Fc,Calculated data,
MK,Macro Indicators,212,Syrian Arab Republic,6110,Value US$,22008,Gross Domestic Product,2016,2016,millions,12377.3585,X,International reliable sources,Data from UNSD AMA
MK,Macro Indicators,212,Syrian Arab Republic,6119,Value US$,22014,Gross Domestic Product per capita,2016,2016,,671.571041,Fc,Calculated data,
MK,Macro Indicators,208,Tajikistan,6110,Value US$,22008,Gross Domestic Product,2016,2016,millions,6952.70031,X,International reliable sources,Data from UNSD AMA
MK,Macro Indicators,208,Tajikistan,6119,Value US$,22014,Gross Domestic Product per capita,2016,2016,,795.963287,Fc,Calculated data,
MK,Macro Indicators,216,Thailand,6110,Value US$,22008,Gross Domestic Product,2016,2016,millions,412352.9842,X,International reliable sources,Data from UNSD AMA
MK,Macro Indicators,216,Thailand,6119,Value US$,22014,Gross Domestic Product per capita,2016,2016,,5987.974767,Fc,Calculated data,
MK,Macro Indicators,176,Timor-Leste,6110,Value US$,22008,Gross Domestic Product,2016,2016,millions,2503.532102,X,International reliable sources,Data from UNSD AMA
MK,Macro Indicators,176,Timor-Leste,6119,Value US$,22014,Gross Domestic Product per capita,2016,2016,,1973.350145,Fc,Calculated data,
MK,Macro Indicators,217,Togo,6110,Value US$,22008,Gross Domestic Product,2016,2016,millions,4486.979084,X,International reliable sources,Data from UNSD AMA
MK,Macro Indicators,217,Togo,6119,Value US$,22014,Gross Domestic Product per capita,2016,2016,,589.897247,Fc,Calculated data,
MK,Macro Indicators,219,Tonga,6110,Value US$,22008,Gross Domestic Product,2016,2016,millions,421.462469,X,International reliable sources,Data from UNSD AMA
MK,Macro Indicators,219,Tonga,6119,Value US$,22014,Gross Domestic Product per capita,2016,2016,,3934.415613,Fc,Calculated data,
MK,Macro Indicators,220,Trinidad and Tobago,6110,Value US$,22008,Gross Domestic Product,2016,2016,millions,22284.89435,X,International reliable sources,Data from UNSD AMA
MK,Macro Indicators,220,Trinidad and Tobago,6119,Value US$,22014,Gross Domestic Product per capita,2016,2016,,16326.38444,Fc,Calculated data,
MK,Macro Indicators,222,Tunisia,6110,Value US$,22008,Gross Domestic Product,2016,2016,millions,41802.05359,X,International reliable sources,Data from UNSD AMA
MK,Macro Indicators,222,Tunisia,6119,Value US$,22014,Gross Domestic Product per capita,2016,2016,,3665.802374,Fc,Calculated data,
MK,Macro Indicators,223,Turkey,6110,Value US$,22008,Gross Domestic Product,2016,2016,millions,863711.7104,X,International reliable sources,Data from UNSD AMA
MK,Macro Indicators,223,Turkey,6119,Value US$,22014,Gross Domestic Product per capita,2016,2016,,10862.6004,Fc,Calculated data,
MK,Macro Indicators,213,Turkmenistan,6110,Value US$,22008,Gross Domestic Product,2016,2016,millions,36169.42857,X,International reliable sources,Data from UNSD AMA
MK,Macro Indicators,213,Turkmenistan,6119,Value US$,22014,Gross Domestic Product per capita,2016,2016,,6387.487421,Fc,Calculated data,
MK,Macro Indicators,224,Turks and Caicos Islands,6110,Value US$,22008,Gross Domestic Product,2016,2016,millions,950.358,X,International reliable sources,Data from UNSD AMA
MK,Macro Indicators,224,Turks and Caicos Islands,6119,Value US$,22014,Gross Domestic Product per capita,2016,2016,,27230.88825,Fc,Calculated data,
MK,Macro Indicators,227,Tuvalu,6110,Value US$,22008,Gross Domestic Product,2016,2016,millions,39.545504,X,International reliable sources,Data from UNSD AMA
MK,Macro Indicators,227,Tuvalu,6119,Value US$,22014,Gross Domestic Product per capita,2016,2016,,3563.621114,Fc,Calculated data,
MK,Macro Indicators,226,Uganda,6110,Value US$,22008,Gross Domestic Product,2016,2016,millions,25423.48948,X,International reliable sources,Data from UNSD AMA
MK,Macro Indicators,226,Uganda,6119,Value US$,22014,Gross Domestic Product per capita,2016,2016,,612.791914,Fc,Calculated data,
MK,Macro Indicators,230,Ukraine,6110,Value US$,22008,Gross Domestic Product,2016,2016,millions,93355.86898,X,International reliable sources,Data from UNSD AMA
MK,Macro Indicators,230,Ukraine,6119,Value US$,22014,Gross Domestic Product per capita,2016,2016,,2100.782123,Fc,Calculated data,
MK,Macro Indicators,225,United Arab Emirates,6110,Value US$,22008,Gross Domestic Product,2016,2016,millions,357045.156,X,International reliable sources,Data from UNSD AMA
MK,Macro Indicators,225,United Arab Emirates,6119,Value US$,22014,Gross Domestic Product per capita,2016,2016,,38517.81024,Fc,Calculated data,
MK,Macro Indicators,229,United Kingdom of Great Britain and Northern Ireland,6110,Value US$,22008,Gross Domestic Product,2016,2016,millions,2694283.21,X,International reliable sources,Data from UNSD AMA
MK,Macro Indicators,229,United Kingdom of Great Britain and Northern Ireland,6119,Value US$,22014,Gross Domestic Product per capita,2016,2016,,40953.66484,Fc,Calculated data,
MK,Macro Indicators,215,United Republic of Tanzania,6110,Value US$,22008,Gross Domestic Product,2016,2016,millions,51036.12198,X,International reliable sources,Data from UNSD AMA
MK,Macro Indicators,215,United Republic of Tanzania,6119,Value US$,22014,Gross Domestic Product per capita,2016,2016,,918.375034,Fc,Calculated data,
MK,Macro Indicators,231,United States of America,6110,Value US$,22008,Gross Domestic Product,2016,2016,millions,18715040,X,International reliable sources,Data from UNSD AMA
MK,Macro Indicators,231,United States of America,6119,Value US$,22014,Gross Domestic Product per capita,2016,2016,,58088.84147,Fc,Calculated data,
MK,Macro Indicators,234,Uruguay,6110,Value US$,22008,Gross Domestic Product,2016,2016,millions,52687.59988,X,International reliable sources,Data from UNSD AMA
MK,Macro Indicators,234,Uruguay,6119,Value US$,22014,Gross Domestic Product per capita,2016,2016,,15298.3473,Fc,Calculated data,
MK,Macro Indicators,235,Uzbekistan,6110,Value US$,22008,Gross Domestic Product,2016,2016,millions,81779.01911,X,International reliable sources,Data from UNSD AMA
MK,Macro Indicators,235,Uzbekistan,6119,Value US$,22014,Gross Domestic Product per capita,2016,2016,,2600.551793,Fc,Calculated data,
MK,Macro Indicators,155,Vanuatu,6110,Value US$,22008,Gross Domestic Product,2016,2016,millions,804.328186,X,International reliable sources,Data from UNSD AMA
MK,Macro Indicators,155,Vanuatu,6119,Value US$,22014,Gross Domestic Product per capita,2016,2016,,2974.564486,Fc,Calculated data,
MK,Macro Indicators,236,Venezuela (Bolivarian Republic of),6110,Value US$,22008,Gross Domestic Product,2016,2016,millions,288684.8648,X,International reliable sources,Data from UNSD AMA
MK,Macro Indicators,236,Venezuela (Bolivarian Republic of),6119,Value US$,22014,Gross Domestic Product per capita,2016,2016,,9144.805748,Fc,Calculated data,
MK,Macro Indicators,237,Viet Nam,6110,Value US$,22008,Gross Domestic Product,2016,2016,millions,205276.1713,X,International reliable sources,Data from UNSD AMA
MK,Macro Indicators,237,Viet Nam,6119,Value US$,22014,Gross Domestic Product per capita,2016,2016,,2170.648046,Fc,Calculated data,
MK,Macro Indicators,249,Yemen,6110,Value US$,22008,Gross Domestic Product,2016,2016,millions,24742.60372,X,International reliable sources,Data from UNSD AMA
MK,Macro Indicators,249,Yemen,6119,Value US$,22014,Gross Domestic Product per capita,2016,2016,,896.984218,Fc,Calculated data,
MK,Macro Indicators,251,Zambia,6110,Value US$,22008,Gross Domestic Product,2016,2016,millions,21452.66408,X,International reliable sources,Data from UNSD AMA
MK,Macro Indicators,251,Zambia,6119,Value US$,22014,Gross Domestic Product per capita,2016,2016,,1292.999808,Fc,Calculated data,
MK,Macro Indicators,181,Zimbabwe,6110,Value US$,22008,Gross Domestic Product,2016,2016,millions,20548.67807,X,International reliable sources,Data from UNSD AMA
MK,Macro Indicators,181,Zimbabwe,6119,Value US$,22014,Gross Domestic Product per capita,2016,2016,,1272.335448,Fc,Calculated data,